{
    "MD001": true,
    "MD002": false,
    "MD003": true,
    "MD004": true,
    "MD005": true,
    "MD006": true,
    "MD007": { "indent": 2 },
    "MD009": false,
    "MD010": false,
    "MD011": true,
    "MD012": { "maximum": 1 },
    "MD013": { "line_length": 300 },
    "MD014": false,
    "MD018": true,
    "MD019": true,
    "MD020": true,
    "MD021": true,
    "MD022": false,
    "MD023": true,
    "MD024": true,
    "MD025": true,
    "MD026": true,
    "MD027": true,
    "MD028": true,
    "MD029": true,
    "MD030": true,
    "MD031": true,
    "MD032": false,
    "MD033": false,
    "MD034": false,
    "MD035": true,
    "MD036": true,
    "MD037": true,
    "MD038": true,
    "MD039": true,
    "MD040": true,
    "MD041": false,
    "MD042": true,
    "MD043": false,
    "MD044": true,
    "MD045": true,
    "MD046": true,
    "MD047": true,
    "MD048": true,
    "MD049": true,
    "MD050": true,
    "MD051": true,
    "MD052": true,
    "MD053": true
}
  